Site,Date,device_number,PM25_CinC,PM25_EPA_FEM
0034,2024-11-02,11,3.7922432432432434,3.5125
0034,2024-11-02,15,2.580346153846154,3.5125
0034,2024-11-02,20,2.4594444444444443,3.5125
0034,2024-11-02,3,2.42325,3.5125
0034,2024-11-05,11,4.258571428571429,5.091304347826087
0034,2024-11-05,15,4.535777777777778,5.091304347826087
0034,2024-11-05,20,3.8111923076923078,5.091304347826087
0034,2024-11-05,3,3.9189787234042552,5.091304347826087
0034,2024-11-08,11,12.046735294117648,6.558333333333334
0034,2024-11-08,15,9.51761111111111,6.558333333333334
0034,2024-11-08,20,9.631240740740742,6.558333333333334
0034,2024-11-08,24,6.0004,6.558333333333334
0034,2024-11-08,3,8.785869565217391,6.558333333333334
0034,2024-11-11,11,5.299421052631579,2.8125
0034,2024-11-11,15,5.89832,2.8125
0034,2024-11-11,20,5.23162,2.8125
0034,2024-11-11,24,5.18344,2.8125
0034,2024-11-11,3,4.974666666666667,2.8125
0034,2024-11-14,11,3.5180833333333332,2.904166666666667
0034,2024-11-14,15,3.7834347826086954,2.904166666666667
0034,2024-11-14,20,3.632867924528302,2.904166666666667
0034,2024-11-14,24,3.0133269230769235,2.904166666666667
0034,2024-11-14,3,2.715333333333333,2.904166666666667
0034,2024-11-17,11,12.592032258064517,7.0625
0034,2024-11-17,15,12.582136363636362,7.0625
0034,2024-11-17,20,10.036672727272727,7.0625
0034,2024-11-17,24,8.677510204081633,7.0625
0034,2024-11-17,3,7.812102040816327,7.0625
0034,2024-11-20,11,7.42765625,3.7166666666666663
0034,2024-11-20,15,9.876714285714286,3.7166666666666663
0034,2024-11-20,2,3.443857142857143,3.7166666666666663
0034,2024-11-20,20,6.3689245283018865,3.7166666666666663
0034,2024-11-20,24,6.3343454545454545,3.7166666666666663
0034,2024-11-20,3,6.765586956521739,3.7166666666666663
0034,2024-11-23,11,1.94378125,1.5791666666666666
0034,2024-11-23,15,1.7889285714285714,1.5791666666666666
0034,2024-11-23,2,1.9468,1.5791666666666666
0034,2024-11-23,20,2.09,1.5791666666666666
0034,2024-11-23,24,2.5739107142857143,1.5791666666666666
0034,2024-11-23,3,1.6813829787234043,1.5791666666666666
0034,2024-11-26,11,9.371586206896552,5.245833333333334
0034,2024-11-26,15,8.739413793103449,5.245833333333334
0034,2024-11-26,2,12.315800000000001,5.245833333333334
0034,2024-11-26,20,11.491000000000001,5.245833333333334
0034,2024-11-26,24,10.695276595744682,5.245833333333334
0034,2024-11-26,3,9.503187500000001,5.245833333333334
0034,2024-11-28,11,11.109571428571428,5.1375
0034,2024-11-28,15,10.267827586206897,5.1375
0034,2024-11-28,2,13.00013888888889,5.1375
0034,2024-11-28,20,9.6940943396226409,5.1375
0034,2024-11-28,24,8.363058823529412,5.1375
0034,2024-11-28,3,7.284130434782609,5.1375
0034,2024-11-29,11,9.541375,6.529166666666667
0034,2024-11-29,15,9.122153846153847,6.529166666666667
0034,2024-11-29,2,8.111736842105262,6.529166666666667
0034,2024-11-29,20,8.720040000000001,6.529166666666667
0034,2024-11-29,24,7.932549019607843,6.529166666666667
0034,2024-11-29,3,8.630448979591836,6.529166666666667
0034,2024-12-02,11,12.727896551724138,7.175
0034,2024-12-02,15,11.686838709677419,7.175
0034,2024-12-02,2,10.973837837837838,7.175
0034,2024-12-02,20,14.263745098039216,7.175
0034,2024-12-02,24,11.087490566037737,7.175
0034,2024-12-02,3,10.509872340425531,7.175
0034,2024-12-04,11,13.097257142857142,10.325
0034,2024-12-04,15,14.366035714285713,10.325
0034,2024-12-04,2,13.22035,10.325
0034,2024-12-04,20,13.021861111111111,10.325
0034,2024-12-04,24,12.230490196078431,10.325
0034,2024-12-04,3,12.272326530612245,10.325
0034,2024-12-05,11,7.351074074074074,2.2625
0034,2024-12-05,15,8.46740909090909,2.2625
0034,2024-12-05,2,5.468277777777778,2.2625
0034,2024-12-05,20,7.642244897959183,2.2625
0034,2024-12-05,24,5.960527272727273,2.2625
0034,2024-12-05,3,5.539061224489796,2.2625
0034,2024-12-06,11,3.1059393939393938,3.2708333333333335
0034,2024-12-06,15,2.7162727272727274,3.2708333333333335
0034,2024-12-06,2,2.4298536585365853,3.2708333333333335
0034,2024-12-06,20,3.3365416666666667,3.2708333333333335
0034,2024-12-06,24,2.959622641509434,3.2708333333333335
0034,2024-12-06,3,2.8540212765957444,3.2708333333333335
0034,2024-12-07,11,5.174027777777778,6.795833333333333
0034,2024-12-07,15,5.398567567567567,6.795833333333333
0034,2024-12-07,2,4.705,6.795833333333333
0034,2024-12-07,20,4.4554,6.795833333333333
0034,2024-12-07,24,3.836962962962963,6.795833333333333
0034,2024-12-07,3,4.940148936170213,6.795833333333333
0034,2024-12-08,11,6.955028571428572,7.541666666666667
0034,2024-12-08,15,6.64658064516129,7.541666666666667
0034,2024-12-08,2,6.222054054054054,7.541666666666667
0034,2024-12-08,20,7.0549591836734695,7.541666666666667
0034,2024-12-08,24,6.091433962264151,7.541666666666667
0034,2024-12-08,3,6.720355555555556,7.541666666666667
0034,2024-12-11,11,19.65241176470588,8.070833333333333
0034,2024-12-11,15,25.921615384615386,8.070833333333333
0034,2024-12-11,2,32.26921052631579,8.070833333333333
0034,2024-12-11,20,29.393291666666666,8.070833333333333
0034,2024-12-11,24,31.14598039215686,8.070833333333333
0034,2024-12-11,3,24.575125,8.070833333333333
0034,2024-12-14,11,7.005457142857143,8.5625
0034,2024-12-14,15,7.295136363636364,8.5625
0034,2024-12-14,2,7.678111111111111,8.5625
0034,2024-12-14,20,8.9131,8.5625
0034,2024-12-14,24,7.226537037037037,8.5625
0034,2024-12-14,3,7.0914081632653065,8.5625
0034,2024-12-17,15,11.645096774193549,9.3125
0034,2024-12-17,2,11.17015625,9.3125
0034,2024-12-17,20,12.888826086956522,9.3125
0034,2024-12-17,24,13.3556,9.3125
0034,2024-12-17,3,10.703304347826085,9.3125
0034,2024-12-20,15,16.779125,7.879166666666666
0034,2024-12-20,2,15.741117647058823,7.879166666666666
0034,2024-12-20,20,15.153867924528301,7.879166666666666
0034,2024-12-20,24,15.31556603773585,7.879166666666666
0034,2024-12-20,3,13.41569387755102,7.879166666666666
0034,2024-12-23,11,5.625838709677419,6.0875
0034,2024-12-23,15,6.115033333333334,6.0875
0034,2024-12-23,2,5.516487804878049,6.0875
0034,2024-12-23,20,4.726195652173913,6.0875
0034,2024-12-23,24,5.616163265306122,6.0875
0034,2024-12-23,3,5.381265306122449,6.0875
0034,2024-12-26,11,12.353285714285715,8.229166666666666
0034,2024-12-26,15,14.08290909090909,8.229166666666666
0034,2024-12-26,2,12.7431875,8.229166666666666
0034,2024-12-26,20,13.896519230769231,8.229166666666666
0034,2024-12-26,24,12.142226415094338,8.229166666666666
0034,2024-12-26,3,13.124458333333333,8.229166666666666
0034,2024-12-28,11,5.981222222222223,4.7625
0034,2024-12-28,15,6.390535714285714,4.7625
0034,2024-12-28,2,5.038675675675676,4.7625
0034,2024-12-28,20,5.4500625,4.7625
0034,2024-12-28,24,5.047326530612245,4.7625
0034,2024-12-28,3,4.8021666666666665,4.7625
0034,2024-12-29,11,10.246666666666666,3.425
0034,2024-12-29,15,11.402181818181818,3.425
0034,2024-12-29,2,13.792694444444445,3.425
0034,2024-12-29,20,7.542448979591837,3.425
0034,2024-12-29,24,10.143652173913043,3.425
0034,2024-12-29,3,6.0028163265306125,3.425
0034,2025-01-01,15,8.122642857142857,3.283333333333333
0034,2025-01-01,2,9.321540540540541,3.283333333333333
0034,2025-01-01,20,8.72521739130435,3.283333333333333
0034,2025-01-01,24,7.078888888888889,3.283333333333333
0034,2025-01-01,3,5.673957446808511,3.283333333333333
0034,2025-01-04,15,1.9446,2.595833333333333
0034,2025-01-04,2,2.037195652173913,2.595833333333333
0034,2025-01-04,20,2.094822222222222,2.595833333333333
0034,2025-01-04,24,2.1526428571428573,2.595833333333333
0034,2025-01-04,3,2.292183673469388,2.595833333333333
0034,2025-01-05,15,8.133970588235295,7.145833333333333
0034,2025-01-05,2,8.046121951219511,7.145833333333333
0034,2025-01-05,20,7.31835294117647,7.145833333333333
0034,2025-01-05,24,7.310254545454545,7.145833333333333
0034,2025-01-05,3,7.533714285714286,7.145833333333333
0034,2025-01-07,15,2.180551724137931,1.9791666666666667
0034,2025-01-07,2,1.6832352941176472,1.9791666666666667
0034,2025-01-07,20,2.5481739130434784,1.9791666666666667
0034,2025-01-07,24,2.16978,1.9791666666666667
0034,2025-01-07,3,2.523061224489796,1.9791666666666667
0034,2025-01-10,11,5.581666666666667,14.745833333333334
0034,2025-01-10,15,12.43996551724138,14.745833333333334
0034,2025-01-10,2,11.7435,14.745833333333334
0034,2025-01-10,20,13.586689655172414,14.745833333333334
0034,2025-01-10,24,11.479462962962964,14.745833333333334
0034,2025-01-10,3,11.322367346938776,14.745833333333334
0034,2025-01-13,15,7.5705,5.1875
0034,2025-01-13,2,7.59125,5.1875
0034,2025-01-13,20,7.89651923076923,5.1875
0034,2025-01-13,24,7.409960784313726,5.1875
0034,2025-01-13,3,7.500510204081633,5.1875
0034,2025-01-16,15,18.82616,15.112499999999999
0034,2025-01-16,2,19.305076923076925,15.112499999999999
0034,2025-01-16,20,22.008681818181817,15.112499999999999
0034,2025-01-16,24,20.716744680851065,15.112499999999999
0034,2025-01-16,3,17.544666666666668,15.112499999999999
0034,2025-01-19,2,1.9385000000000001,2.25
0034,2025-01-19,20,2.821019230769231,2.25
0034,2025-01-19,24,1.9837222222222224,2.25
0034,2025-01-19,3,2.9482857142857144,2.25
0034,2025-01-22,15,4.113310344827586,7.175
0034,2025-01-22,2,3.741522727272727,7.175
0034,2025-01-22,20,4.6262,7.175
0034,2025-01-22,24,3.042061224489796,7.175
0034,2025-01-22,3,3.2022291666666667,7.175
0034,2025-01-23,15,8.63623076923077,7.745833333333334
0034,2025-01-23,2,7.970190476190476,7.745833333333334
0034,2025-01-23,20,8.877,7.745833333333334
0034,2025-01-23,24,9.197918367346938,7.745833333333334
0034,2025-01-23,3,9.20554347826087,7.745833333333334
0034,2025-01-25,15,11.624391304347826,11.0375
0034,2025-01-25,2,11.490170212765957,11.0375
0034,2025-01-25,20,13.8243125,11.0375
0034,2025-01-25,24,11.096571428571428,11.0375
0034,2025-01-25,3,14.173166666666667,11.0375
0034,2025-01-28,15,4.843909090909091,4.445833333333334
0034,2025-01-28,2,3.6847222222222222,4.445833333333334
0034,2025-01-28,20,5.3254716981132075,4.445833333333334
0034,2025-01-28,24,4.039673469387755,4.445833333333334
0034,2025-01-28,3,3.9273191489361703,4.445833333333334
0034,2025-01-31,15,4.189285714285714,5.654166666666667
0034,2025-01-31,2,10.514714285714286,5.654166666666667
0034,2025-01-31,20,7.006238095238095,5.654166666666667
0034,2025-01-31,24,7.162023809523809,5.654166666666667
0034,2025-01-31,3,6.285886363636364,5.654166666666667
0034,2025-02-03,2,33.70593103448276,11.220833333333333
0034,2025-02-03,20,30.24614,11.220833333333333
0034,2025-02-03,24,12.65895238095238,11.220833333333333
0034,2025-02-03,3,17.15096,11.220833333333333
0034,2025-02-06,2,15.634882352941178,7.641666666666667
0034,2025-02-06,20,12.779311111111113,7.641666666666667
0034,2025-02-06,24,14.3575,7.641666666666667
0034,2025-02-06,3,13.525302325581395,7.641666666666667
0034,2025-02-09,15,11.384142857142857,6.895833333333333
0034,2025-02-09,2,16.251405405405404,6.895833333333333
0034,2025-02-09,20,17.001666666666665,6.895833333333333
0034,2025-02-09,24,12.240225806451612,6.895833333333333
0034,2025-02-09,3,14.169979591836734,6.895833333333333
0034,2025-02-12,15,23.15672222222222,13.441666666666666
0034,2025-02-12,2,24.001823529411766,13.441666666666666
0034,2025-02-12,20,23.128509433962265,13.441666666666666
0034,2025-02-12,24,22.94681818181818,13.441666666666666
0034,2025-02-12,3,21.887673469387757,13.441666666666666
0034,2025-02-15,15,9.877470588235294,7.820833333333333
0034,2025-02-15,2,11.943738095238094,7.820833333333333
0034,2025-02-15,20,10.978923076923078,7.820833333333333
0034,2025-02-15,24,11.583257142857143,7.820833333333333
0034,2025-02-15,3,10.33834693877551,7.820833333333333
0034,2025-02-18,15,2.8171923076923076,3.0791666666666666
0034,2025-02-18,2,2.960816326530612,3.0791666666666666
0034,2025-02-18,20,3.893148148148148,3.0791666666666666
0034,2025-02-18,24,3.133938775510204,3.0791666666666666
0034,2025-02-18,3,2.9829795918367346,3.0791666666666666
0034,2025-02-21,15,3.1071851851851853,4.370833333333334
0034,2025-02-21,2,2.930125,4.370833333333334
0034,2025-02-21,20,3.9215094339622643,4.370833333333334
0034,2025-02-21,24,2.6153846153846154,4.370833333333334
0034,2025-02-21,3,2.826734693877551,4.370833333333334
0034,2025-02-24,15,8.129888888888889,10.056521739130435
0034,2025-02-24,2,11.258970588235293,10.056521739130435
0034,2025-02-24,20,11.414411764705882,10.056521739130435
0034,2025-02-24,24,10.664529411764706,10.056521739130435
0034,2025-02-24,3,12.3615,10.056521739130435
0034,2025-02-27,15,24.233999999999998,11.25
0034,2025-02-27,2,47.318636363636365,11.25
0034,2025-02-27,20,26.81470588235294,11.25
0034,2025-02-27,24,36.9614,11.25
0034,2025-02-27,3,30.135268292682927,11.25
0034,2025-03-02,11,2.417866666666667,3.3833333333333333
0034,2025-03-02,15,2.9751935483870966,3.3833333333333333
0034,2025-03-02,2,2.676228571428571,3.3833333333333333
0034,2025-03-02,20,3.2264166666666667,3.3833333333333333
0034,2025-03-02,24,2.5968085106382977,3.3833333333333333
0034,2025-03-02,3,3.1185510204081632,3.3833333333333333
0034,2025-03-03,11,7.067,7.608333333333333
0034,2025-03-03,15,7.753409090909091,7.608333333333333
0034,2025-03-03,2,7.005333333333334,7.608333333333333
0034,2025-03-03,20,6.5569,7.608333333333333
0034,2025-03-03,24,6.4251000000000005,7.608333333333333
0034,2025-03-03,3,6.773795918367347,7.608333333333333
0034,2025-03-05,11,4.861363636363636,4.329166666666667
0034,2025-03-05,15,4.117181818181818,4.329166666666667
0034,2025-03-05,2,3.82765,4.329166666666667
0034,2025-03-05,20,4.667411764705882,4.329166666666667
0034,2025-03-05,24,4.081708333333333,4.329166666666667
0034,2025-03-05,3,4.182895833333333,4.329166666666667
0034,2025-03-08,15,1.4652222222222222,3.575
0034,2025-03-08,2,12.79179411764706,3.575
0034,2025-03-08,20,10.43718,3.575
0034,2025-03-08,24,7.980250000000001,3.575
0034,2025-03-08,3,9.609086956521738,3.575
0034,2025-03-11,15,6.097714285714286,5.7375
0034,2025-03-11,2,5.250147058823529,5.7375
0034,2025-03-11,20,4.9095625,5.7375
0034,2025-03-11,24,4.717071428571429,5.7375
0034,2025-03-11,3,4.295285714285714,5.7375
0034,2025-03-14,15,12.0394,11.495833333333334
0034,2025-03-14,2,8.874526315789474,11.495833333333334
0034,2025-03-14,24,9.71270588235294,11.495833333333334
0034,2025-03-14,3,7.648755102040816,11.495833333333334
0034,2025-03-17,11,2.737,3.2041666666666666
0034,2025-03-17,15,4.211,3.2041666666666666
0034,2025-03-17,2,2.4621,3.2041666666666666
0034,2025-03-17,24,2.4728771929824562,3.2041666666666666
0034,2025-03-17,3,3.0280612244897958,3.2041666666666666
0034,2025-03-20,11,4.492214285714286,4.745833333333334
0034,2025-03-20,15,2.70005,4.745833333333334
0034,2025-03-20,2,3.6082424242424245,4.745833333333334
0034,2025-03-20,24,3.36725,4.745833333333334
0034,2025-03-20,3,3.0496250000000003,4.745833333333334
0034,2025-03-23,11,3.9986774193548387,4.2125
0034,2025-03-23,15,4.784708333333334,4.2125
0034,2025-03-23,2,3.9062432432432432,4.2125
0034,2025-03-23,24,4.62159649122807,4.2125
0034,2025-03-23,3,4.143666666666666,4.2125
0034,2025-03-26,11,3.7244848484848485,3.7666666666666666
0034,2025-03-26,15,3.8584583333333335,3.7666666666666666
0034,2025-03-26,2,3.2151666666666667,3.7666666666666666
0034,2025-03-26,24,3.1815192307692306,3.7666666666666666
0034,2025-03-26,3,3.3948541666666667,3.7666666666666666
0034,2025-03-29,11,10.479763157894737,13.291666666666666
0034,2025-03-29,15,8.371,13.291666666666666
0034,2025-03-29,2,9.0884,13.291666666666666
0034,2025-03-29,24,9.182857142857143,13.291666666666666
0034,2025-03-29,3,9.58882,13.291666666666666
0034,2025-04-01,11,3.97788,3.1416666666666666
0034,2025-04-01,15,2.778875,3.1416666666666666
0034,2025-04-01,2,3.1638965517241378,3.1416666666666666
0034,2025-04-01,24,2.94259649122807,3.1416666666666666
0034,2025-04-01,3,2.946510204081633,3.1416666666666666
0034,2025-04-04,11,3.21896,2.9875
0034,2025-04-04,15,3.3966153846153846,2.9875
0034,2025-04-04,2,2.0785151515151514,2.9875
0034,2025-04-04,24,2.6981964285714284,2.9875
0034,2025-04-04,3,2.486375,2.9875
0034,2025-04-05,11,2.6618333333333335,3.7
0034,2025-04-05,15,3.6606,3.7
0034,2025-04-05,2,7.304870967741936,3.7
0034,2025-04-05,24,4.855376811594203,3.7
0034,2025-04-05,3,4.473621621621621,3.7
0034,2025-04-07,11,6.776590909090909,4.533333333333333
0034,2025-04-07,15,8.30952380952381,4.533333333333333
0034,2025-04-07,2,7.364947368421053,4.533333333333333
0034,2025-04-07,24,6.230894736842106,4.533333333333333
0034,2025-04-07,3,5.836978723404256,4.533333333333333
0034,2025-04-10,11,10.767764705882353,6.683333333333334
0034,2025-04-10,15,12.933349999999999,6.683333333333334
0034,2025-04-10,2,20.170666666666666,6.683333333333334
0034,2025-04-10,24,17.081087719298246,6.683333333333334
0034,2025-04-10,3,12.128041666666666,6.683333333333334
0034,2025-04-11,11,14.398186046511627,7.779166666666667
0034,2025-04-11,15,15.88484375,7.779166666666667
0034,2025-04-11,2,15.331117647058823,7.779166666666667
0034,2025-04-11,24,15.045934426229508,7.779166666666667
0034,2025-04-11,3,13.220086956521738,7.779166666666667
0034,2025-04-13,11,7.496103448275862,6.3
0034,2025-04-13,15,10.009941176470589,6.3
0034,2025-04-13,2,12.264513513513513,6.3
0034,2025-04-13,24,6.687945454545455,6.3
0034,2025-04-13,3,6.418530612244897,6.3
0034,2025-04-16,11,3.311,3.8833333333333333
0034,2025-04-16,15,2.405851851851852,3.8833333333333333
0034,2025-04-16,2,2.7971290322580646,3.8833333333333333
0034,2025-04-16,24,2.758111111111111,3.8833333333333333
0034,2025-04-16,3,2.8886530612244896,3.8833333333333333
0034,2025-04-19,11,11.20312,8.2625
0034,2025-04-19,15,11.568181818181818,8.2625
0034,2025-04-19,2,9.921351351351351,8.2625
0034,2025-04-19,24,10.258735849056603,8.2625
0034,2025-04-19,3,10.517212765957447,8.2625
0034,2025-04-22,11,2.27109375,2.6208333333333336
0034,2025-04-22,15,2.2245333333333335,2.6208333333333336
0034,2025-04-22,2,1.8165200000000001,2.6208333333333336
0034,2025-04-22,24,1.996125,2.6208333333333336
0034,2025-04-22,3,2.2256666666666667,2.6208333333333336
0034,2025-04-25,11,5.163666666666667,4.7625
0034,2025-04-25,15,5.582133333333333,4.7625
0034,2025-04-25,2,5.424529411764706,4.7625
0034,2025-04-25,24,5.048321428571429,4.7625
0034,2025-04-25,3,4.640051282051282,4.7625
0034,2025-04-26,11,9.028307692307692,4.108333333333333
0034,2025-04-26,15,12.749826086956523,4.108333333333333
0034,2025-04-26,2,22.106048780487804,4.108333333333333
0034,2025-04-26,24,12.80329411764706,4.108333333333333
0034,2025-04-26,3,8.748333333333333,4.108333333333333
0034,2025-04-28,11,3.7013333333333334,3.6083333333333334
0034,2025-04-28,15,5.473484848484849,3.6083333333333334
0034,2025-04-28,2,3.3599166666666664,3.6083333333333334
0034,2025-04-28,24,3.724696428571429,3.6083333333333334
0034,2025-04-28,3,2.4941632653061228,3.6083333333333334
0034,2025-04-30,11,2.1031612903225807,1.8916666666666666
0034,2025-04-30,15,3.106133333333333,1.8916666666666666
0034,2025-04-30,2,1.8900967741935484,1.8916666666666666
0034,2025-04-30,24,2.0845636363636366,1.8916666666666666
0034,2025-04-30,3,2.569591836734694,1.8916666666666666
0034,2025-05-01,11,4.387,5.220833333333333
0034,2025-05-01,15,5.9004375,5.220833333333333
0034,2025-05-01,2,5.0045,5.220833333333333
0034,2025-05-01,24,4.326890625,5.220833333333333
0034,2025-05-01,3,4.140808510638299,5.220833333333333
0038,2024-11-05,7,3.7235714285714288,6.4125000000000005
0038,2024-11-08,7,9.996294117647059,6.6625000000000005
0038,2024-11-11,7,7.4526,3.4130434782608696
0038,2024-11-14,18,7.447217391304348,6.741666666666666
0038,2024-11-14,30,4.76138,6.741666666666666
0038,2024-11-14,7,13.1867,6.741666666666666
0038,2024-11-17,18,15.55337037037037,10.183333333333334
0038,2024-11-17,30,14.075425000000001,10.183333333333334
0038,2024-11-17,7,15.067324324324325,10.183333333333334
0038,2024-11-20,18,14.141113207547171,7.391666666666667
0038,2024-11-20,30,19.040392857142855,7.391666666666667
0038,2024-11-20,7,13.356304347826088,7.391666666666667
0038,2024-11-23,18,2.467,1.8916666666666666
0038,2024-11-23,30,1.6677142857142857,1.8916666666666666
0038,2024-11-23,7,2.0450666666666666,1.8916666666666666
0038,2024-11-26,18,11.199240740740741,5.7
0038,2024-11-26,30,11.77795744680851,5.7
0038,2024-11-26,7,9.486952380952381,5.7
0038,2024-11-28,18,14.776176470588235,6.145833333333333
0038,2024-11-28,30,11.869170212765958,6.145833333333333
0038,2024-11-28,7,13.934692307692307,6.145833333333333
0038,2024-11-29,18,9.56075925925926,7.55
0038,2024-11-29,30,7.958259259259259,7.55
0038,2024-11-29,7,7.187793103448276,7.55
0038,2024-12-02,18,11.20798113207547,9.1875
0038,2024-12-02,30,9.941972972972973,9.1875
0038,2024-12-02,7,9.993645161290322,9.1875
0038,2024-12-04,18,14.593733333333335,12.270833333333334
0038,2024-12-04,28,16.10023076923077,12.270833333333334
0038,2024-12-04,30,13.427448979591837,12.270833333333334
0038,2024-12-04,7,13.654433333333333,12.270833333333334
0038,2024-12-05,18,6.396603773584905,3.275
0038,2024-12-05,28,6.808076923076923,3.275
0038,2024-12-05,30,7.501351351351351,3.275
0038,2024-12-05,7,5.900148148148149,3.275
0038,2024-12-06,18,4.873814814814815,5.030434782608696
0038,2024-12-06,28,5.1601960784313725,5.030434782608696
0038,2024-12-06,30,4.893166666666667,5.030434782608696
0038,2024-12-06,7,4.231481481481481,5.030434782608696
0038,2024-12-07,18,4.261222222222222,7.429166666666667
0038,2024-12-07,28,5.101375,7.429166666666667
0038,2024-12-07,30,4.52163829787234,7.429166666666667
0038,2024-12-07,7,5.102133333333334,7.429166666666667
0038,2024-12-08,18,6.325648148148148,9.679166666666667
0038,2024-12-08,28,7.208296296296297,9.679166666666667
0038,2024-12-08,30,6.733333333333333,9.679166666666667
0038,2024-12-08,7,5.833785714285714,9.679166666666667
0038,2024-12-11,18,30.884163265306118,8.775
0038,2024-12-11,28,35.56171698113208,8.775
0038,2024-12-11,30,25.849106382978725,8.775
0038,2024-12-11,7,23.283096774193545,8.775
0038,2024-12-14,18,10.028190476190476,12.116666666666667
0038,2024-12-14,28,10.46288888888889,12.116666666666667
0038,2024-12-14,30,9.763168831168832,12.116666666666667
0038,2024-12-14,7,9.048433333333334,12.116666666666667
0038,2024-12-17,18,11.997240740740741,9.6625
0038,2024-12-17,28,11.317407407407407,9.6625
0038,2024-12-17,30,7.32725,9.6625
0038,2024-12-17,7,10.58695,9.6625
0038,2024-12-20,18,19.383333333333333,9.887500000000001
0038,2024-12-20,28,21.47251851851852,9.887500000000001
0038,2024-12-20,30,17.969739999999998,9.887500000000001
0038,2024-12-20,7,16.709038461538462,9.887500000000001
0038,2024-12-23,18,6.701045454545455,10.433333333333334
0038,2024-12-23,28,6.85624074074074,10.433333333333334
0038,2024-12-23,30,7.293669724770642,10.433333333333334
0038,2024-12-23,7,7.519159999999999,10.433333333333334
0038,2024-12-26,18,14.115254545454546,11.991666666666667
0038,2024-12-26,28,15.350771929824562,11.991666666666667
0038,2024-12-26,30,13.550524390243902,11.991666666666667
0038,2024-12-26,7,13.634555555555556,11.991666666666667
0038,2024-12-28,18,6.460603773584906,6.4125
0038,2024-12-28,28,6.590403846153847,6.4125
0038,2024-12-28,30,7.423453488372093,6.4125
0038,2024-12-28,7,7.786538461538461,6.4125
0038,2024-12-29,18,15.872981132075472,6.308333333333333
0038,2024-12-29,28,13.864625,6.308333333333333
0038,2024-12-29,30,14.724280373831773,6.308333333333333
0038,2024-12-29,7,17.71557142857143,6.308333333333333
0038,2025-01-01,18,11.461711538461538,3.8458333333333337
0038,2025-01-01,28,11.728603773584904,3.8458333333333337
0038,2025-01-01,30,9.655097560975609,3.8458333333333337
0038,2025-01-01,7,7.31178125,3.8458333333333337
0038,2025-01-04,18,2.5532500000000002,3.6333333333333333
0038,2025-01-04,28,3.7102105263157896,3.6333333333333333
0038,2025-01-04,30,2.565243243243243,3.6333333333333333
0038,2025-01-04,7,2.3179666666666665,3.6333333333333333
0038,2025-01-05,18,7.490037735849056,11.479166666666666
0038,2025-01-05,28,9.126075471698114,11.479166666666666
0038,2025-01-05,30,7.398990476190476,11.479166666666666
0038,2025-01-05,7,5.9878,11.479166666666666
0038,2025-01-07,18,2.494943396226415,2.8708333333333336
0038,2025-01-07,28,2.621,2.8708333333333336
0038,2025-01-07,30,2.272676470588235,2.8708333333333336
0038,2025-01-07,7,1.8463928571428572,2.8708333333333336
0038,2025-01-10,18,17.30351851851852,24.420833333333334
0038,2025-01-10,28,14.78287037037037,24.420833333333334
0038,2025-01-10,30,12.047433333333334,24.420833333333334
0038,2025-01-10,7,12.361739130434783,24.420833333333334
0038,2025-01-13,18,7.460788461538462,6.641666666666667
0038,2025-01-13,28,8.60135294117647,6.641666666666667
0038,2025-01-13,30,7.356438356164384,6.641666666666667
0038,2025-01-13,7,7.612033333333334,6.641666666666667
0038,2025-01-16,18,19.360396226415094,18.329166666666666
0038,2025-01-16,28,20.58227777777778,18.329166666666666
0038,2025-01-16,30,16.11615873015873,18.329166666666666
0038,2025-01-16,7,16.68544,18.329166666666666
0038,2025-01-19,18,2.5816666666666666,2.8625000000000003
0038,2025-01-19,28,3.67766,2.8625000000000003
0038,2025-01-19,30,2.927864864864865,2.8625000000000003
0038,2025-01-19,7,2.884081081081081,2.8625000000000003
0038,2025-01-22,18,3.83648,14.341666666666667
0038,2025-01-22,28,5.0844,14.341666666666667
0038,2025-01-22,30,3.997723404255319,14.341666666666667
0038,2025-01-22,7,2.118344827586207,14.341666666666667
0038,2025-01-23,18,8.471,11.620833333333334
0038,2025-01-23,28,10.79375,11.620833333333334
0038,2025-01-23,30,6.222753623188406,11.620833333333334
0038,2025-01-23,7,9.40068,11.620833333333334
0038,2025-01-25,18,12.849685185185185,16.704166666666666
0038,2025-01-25,28,15.019052631578948,16.704166666666666
0038,2025-01-25,30,14.16116,16.704166666666666
0038,2025-01-25,7,11.541826086956522,16.704166666666666
0038,2025-01-28,18,4.598692307692308,5.995652173913044
0038,2025-01-28,28,5.94464705882353,5.995652173913044
0038,2025-01-28,30,5.245923076923077,5.995652173913044
0038,2025-01-28,7,4.313422222222222,5.995652173913044
0038,2025-01-31,18,22.07065217391304,14.245833333333332
0038,2025-01-31,28,25.629227272727277,14.245833333333332
0038,2025-01-31,30,13.882882352941175,14.245833333333332
0038,2025-01-31,7,13.387619047619049,14.245833333333332
0038,2025-02-03,18,44.8342037037037,17.5375
0038,2025-02-03,28,47.26081132075472,17.5375
0038,2025-02-03,30,65.95328395061728,17.5375
0038,2025-02-03,7,41.095666666666666,17.5375
0038,2025-02-06,18,9.921153846153846,9
0038,2025-02-06,28,19.527471698113207,9
0038,2025-02-06,30,13.486,9
0038,2025-02-06,7,21.81058064516129,9
0038,2025-02-09,18,9.097999999999999,8.404166666666667
0038,2025-02-09,28,20.041767857142855,8.404166666666667
0038,2025-02-09,30,20.635934782608697,8.404166666666667
0038,2025-02-09,7,17.551000000000002,8.404166666666667
0038,2025-02-12,28,30.02001923076923,16.904166666666665
0038,2025-02-12,30,22.338830985915493,16.904166666666665
0038,2025-02-12,7,19.84436363636364,16.904166666666665
0038,2025-02-15,28,18.833147540983607,12.579166666666667
0038,2025-02-15,30,13.174105882352942,12.579166666666667
0038,2025-02-15,7,15.625714285714286,12.579166666666667
0038,2025-02-18,18,3.602462962962963,5.345833333333333
0038,2025-02-18,28,3.7127037037037036,5.345833333333333
0038,2025-02-18,30,3.830974358974359,5.345833333333333
0038,2025-02-18,7,2.8351304347826085,5.345833333333333
0038,2025-02-21,18,3.4054363636363636,5.987499999999999
0038,2025-02-21,28,3.3504423076923078,5.987499999999999
0038,2025-02-21,30,4.06775,5.987499999999999
0038,2025-02-21,7,2.622037037037037,5.987499999999999
0038,2025-02-24,18,12.590981818181817,11.963636363636363
0038,2025-02-24,28,12.85915909090909,11.963636363636363
0038,2025-02-24,30,12.241037037037037,11.963636363636363
0038,2025-02-24,7,10.819090909090908,11.963636363636363
0038,2025-02-27,18,47.24823404255319,14.320833333333333
0038,2025-02-27,28,32.963521739130435,14.320833333333333
0038,2025-02-27,30,48.95328985507246,14.320833333333333
0038,2025-02-27,7,81.17715909090909,14.320833333333333
0038,2025-03-02,17,3.0363333333333333,4.1875
0038,2025-03-02,18,3.15854,4.1875
0038,2025-03-02,28,3.38011320754717,4.1875
0038,2025-03-02,7,3.108030303030303,4.1875
0038,2025-03-03,17,6.7218333333333335,8.7875
0038,2025-03-03,18,7.760659090909091,8.7875
0038,2025-03-03,28,7.235298245614035,8.7875
0038,2025-03-03,7,6.139826086956521,8.7875
0038,2025-03-05,17,4.422977272727273,5.795833333333333
0038,2025-03-05,18,5.059266666666667,5.795833333333333
0038,2025-03-05,28,4.93475,5.795833333333333
0038,2025-03-05,7,5.764739130434783,5.795833333333333
0038,2025-03-08,17,18.467185185185187,4.2875
0038,2025-03-08,18,11.550230769230767,4.2875
0038,2025-03-08,28,16.266489795918368,4.2875
0038,2025-03-08,7,11.27025,4.2875
0038,2025-03-11,18,5.979613636363636,6.2
0038,2025-03-11,28,5.7264067796610165,6.2
0038,2025-03-11,7,5.74425,6.2
0038,2025-03-14,17,12.291,17.454166666666666
0038,2025-03-14,18,12.816607843137255,17.454166666666666
0038,2025-03-14,28,11.484714285714286,17.454166666666666
0038,2025-03-14,7,10.65296,17.454166666666666
0038,2025-03-17,17,3.6125555555555557,4.154166666666667
0038,2025-03-17,18,3.3690185185185184,4.154166666666667
0038,2025-03-17,28,3.97036,4.154166666666667
0038,2025-03-17,7,3.6333076923076923,4.154166666666667
0038,2025-03-20,17,4.2563571428571425,5.254166666666667
0038,2025-03-20,18,3.1764313725490196,5.254166666666667
0038,2025-03-20,28,4.101224489795919,5.254166666666667
0038,2025-03-20,7,3.907086956521739,5.254166666666667
0038,2025-03-23,17,5.731489361702128,6.1
0038,2025-03-23,18,6.384452830188679,6.1
0038,2025-03-23,28,5.963649122807018,6.1
0038,2025-03-23,7,6.33616,6.1
0038,2025-03-26,17,3.3915416666666665,4.470833333333333
0038,2025-03-26,18,3.457134615384615,4.470833333333333
0038,2025-03-26,28,3.748625,4.470833333333333
0038,2025-03-26,7,3.2091379310344825,4.470833333333333
0038,2025-03-29,18,10.01095,14.591666666666667
0038,2025-03-29,28,11.700781818181818,14.591666666666667
0038,2025-03-29,7,9.287846153846154,14.591666666666667
0038,2025-04-01,18,4.432192307692308,3.6458333333333335
0038,2025-04-01,28,4.948454545454545,3.6458333333333335
0038,2025-04-01,7,2.6577777777777776,3.6458333333333335
0038,2025-04-04,18,3.3367962962962965,3.6375
0038,2025-04-04,28,3.608471698113208,3.6375
0038,2025-04-04,7,2.5135744680851064,3.6375
0038,2025-04-05,18,5.576108108108108,5.808333333333334
0038,2025-04-05,28,6.591210526315789,5.808333333333334
0038,2025-04-05,7,15.187416666666667,5.808333333333334
0038,2025-04-07,18,9.359188679245282,5.041666666666667
0038,2025-04-07,28,7.694960784313726,5.041666666666667
0038,2025-04-07,7,6.248690476190476,5.041666666666667
0038,2025-04-10,18,25.527442307692308,10.220833333333333
0038,2025-04-10,28,26.507727272727273,10.220833333333333
0038,2025-04-10,7,25.936863636363636,10.220833333333333
0038,2025-04-11,18,13.297462962962962,7.604166666666667
0038,2025-04-11,28,16.850787234042553,7.604166666666667
0038,2025-04-11,7,12.553432432432432,7.604166666666667
0038,2025-04-13,18,9.196518518518518,8.758333333333333
0038,2025-04-13,28,11.496696428571427,8.758333333333333
0038,2025-04-13,7,8.510046511627907,8.758333333333333
0038,2025-04-16,18,2.5739464285714284,4.495833333333334
0038,2025-04-16,28,3.341192307692308,4.495833333333334
0038,2025-04-16,7,2.7805531914893615,4.495833333333334
0038,2025-04-19,18,8.89615,9.383333333333333
0038,2025-04-19,28,11.252018181818181,9.383333333333333
0038,2025-04-19,7,9.097081632653062,9.383333333333333
0038,2025-04-22,18,2.134037037037037,3.5541666666666667
0038,2025-04-22,28,2.229078431372549,3.5541666666666667
0038,2025-04-22,7,2.0285510204081634,3.5541666666666667
0038,2025-04-25,18,44.29076923076923,8.1875
0038,2025-04-25,28,7.6407799999999995,8.1875
0038,2025-04-25,7,6.424363636363636,8.1875
0038,2025-04-26,18,481.9554,4.116666666666667
0038,2025-04-26,28,18.326764705882354,4.116666666666667
0038,2025-04-26,7,12.898434782608696,4.116666666666667
0038,2025-04-28,18,579.5019333333332,8.620833333333334
0038,2025-04-28,28,4.290607142857143,8.620833333333334
0038,2025-04-28,7,5.801,8.620833333333334
0038,2025-04-30,28,2.121906976744186,2.3434782608695652
0038,2025-04-30,7,2.684625,2.3434782608695652
0038,2025-05-01,28,6.274796296296296,8.004166666666666
0038,2025-05-01,7,6.4491764705882355,8.004166666666666
0045,2024-11-02,19,4.037333333333333,4.695833333333334
0045,2024-11-05,19,5.143,6.283333333333333
0045,2024-11-08,19,9.412333333333333,7.547826086956522
0045,2024-11-08,21,9.791333333333334,7.547826086956522
0045,2024-11-08,25,8.76873076923077,7.547826086956522
0045,2024-11-11,19,6.1905,4.304166666666666
0045,2024-11-11,21,6.024979591836734,4.304166666666666
0045,2024-11-11,25,4.681846153846154,4.304166666666666
0045,2024-11-14,19,3.7721111111111107,3.8041666666666667
0045,2024-11-14,21,4.579586956521739,3.8041666666666667
0045,2024-11-14,25,16.457652173913043,3.8041666666666667
0045,2024-11-17,21,11.10890909090909,8.370833333333334
0045,2024-11-17,25,9.809884615384615,8.370833333333334
0045,2024-11-20,19,1.7440000000000002,5.520833333333333
0045,2024-11-20,21,9.284512195121952,5.520833333333333
0045,2024-11-20,25,22.76741666666667,5.520833333333333
0045,2024-11-23,19,2.929826086956522,2.441666666666667
0045,2024-11-23,21,2.4860408163265304,2.441666666666667
0045,2024-11-23,25,2.3085,2.441666666666667
0045,2024-11-26,19,18.01193333333333,8.588888888888889
0045,2024-11-26,21,12.67034693877551,8.588888888888889
0045,2024-11-26,25,14.187499999999998,8.588888888888889
0045,2024-11-28,19,20.2885,6.416666666666667
0045,2024-11-28,21,12.73870588235294,6.416666666666667
0045,2024-11-28,25,11.676192307692308,6.416666666666667
0045,2024-11-29,19,9.796444444444445,8.179166666666667
0045,2024-11-29,21,9.450418181818181,8.179166666666667
0045,2024-11-29,25,9.663923076923076,8.179166666666667
0045,2024-12-02,19,8.959222222222222,10.354166666666666
0045,2024-12-02,21,12.431860465116278,10.354166666666666
0045,2024-12-02,25,9.760521739130434,10.354166666666666
0045,2024-12-04,19,12.37490909090909,11.9
0045,2024-12-04,21,15.3674,11.9
0045,2024-12-04,25,13.93404347826087,11.9
0045,2024-12-05,19,10.439777777777778,4.041666666666667
0045,2024-12-05,21,6.974363636363636,4.041666666666667
0045,2024-12-05,25,7.42025806451613,4.041666666666667
0045,2024-12-06,19,4.8755,5.370833333333334
0045,2024-12-06,21,4.86146511627907,5.370833333333334
0045,2024-12-06,25,4.286352941176471,5.370833333333334
0045,2024-12-07,19,4.614888888888889,7.05
0045,2024-12-07,21,5.4784893617021275,7.05
0045,2024-12-07,25,4.599695652173914,7.05
0045,2024-12-08,19,6.019714285714286,8.716666666666667
0045,2024-12-08,21,7.33609756097561,8.716666666666667
0045,2024-12-08,25,6.773359999999999,8.716666666666667
0045,2024-12-11,19,23.946,9.821739130434782
0045,2024-12-11,21,21.291040000000002,9.821739130434782
0045,2024-12-11,25,22.703576923076923,9.821739130434782
0045,2024-12-14,19,10.134636363636364,10.533333333333333
0045,2024-12-14,21,9.001617021276596,10.533333333333333
0045,2024-12-14,25,6.37,10.533333333333333
0045,2024-12-17,19,11.420111111111112,11.7125
0045,2024-12-17,21,11.524040816326531,11.7125
0045,2024-12-17,25,11.368777777777778,11.7125
0045,2024-12-20,19,22.6755,9.858333333333333
0045,2024-12-20,21,17.63648,9.858333333333333
0045,2024-12-20,25,16.20408695652174,9.858333333333333
0045,2024-12-23,19,7.0725454545454545,7.375
0045,2024-12-23,21,6.552208333333334,7.375
0045,2024-12-23,25,6.970411764705882,7.375
0045,2024-12-26,19,18.677333333333333,9.8875
0045,2024-12-26,21,13.6586,9.8875
0045,2024-12-26,25,16.50433333333333,9.8875
0045,2024-12-28,19,6.105857142857143,5.145833333333333
0045,2024-12-28,21,6.431038461538462,5.145833333333333
0045,2024-12-28,25,7.705571428571428,5.145833333333333
0045,2024-12-29,19,8.472285714285714,3.920833333333333
0045,2024-12-29,21,7.784916666666667,3.920833333333333
0045,2024-12-29,25,7.21348275862069,3.920833333333333
0045,2025-01-01,19,12.833400000000001,5.433333333333334
0045,2025-01-01,21,8.847480769230769,5.433333333333334
0045,2025-01-01,25,8.002363636363636,5.433333333333334
0045,2025-01-04,19,3.1896,5.304166666666666
0045,2025-01-04,21,2.753846153846154,5.304166666666666
0045,2025-01-04,25,3.0635365853658536,5.304166666666666
0045,2025-01-05,19,6.239272727272727,9.179166666666667
0045,2025-01-05,21,8.381192307692308,9.179166666666667
0045,2025-01-05,25,7.554457142857143,9.179166666666667
0045,2025-01-07,19,2.021916666666667,3.5083333333333333
0045,2025-01-07,21,2.7537254901960786,3.5083333333333333
0045,2025-01-07,25,2.6974285714285715,3.5083333333333333
0045,2025-01-10,19,18.5875,17.6625
0045,2025-01-10,21,15.242690909090909,17.6625
0045,2025-01-10,25,13.412645161290323,17.6625
0045,2025-01-13,19,16.224,6.183333333333334
0045,2025-01-13,21,8.748608695652173,6.183333333333334
0045,2025-01-13,25,6.19959375,6.183333333333334
0045,2025-01-16,19,19.732666666666667,16.866666666666667
0045,2025-01-16,21,18.5985,16.866666666666667
0045,2025-01-16,25,14.83712,16.866666666666667
0045,2025-01-19,19,1.98625,3.1791666666666667
0045,2025-01-19,21,2.356866666666667,3.1791666666666667
0045,2025-01-19,25,2.6648181818181818,3.1791666666666667
0045,2025-01-22,19,3.433090909090909,8.604166666666666
0045,2025-01-22,21,6.0727,8.604166666666666
0045,2025-01-22,25,4.017869565217391,8.604166666666666
0045,2025-01-23,19,9.059545454545455,10.6
0045,2025-01-23,21,8.0292,10.6
0045,2025-01-23,25,6.614576923076923,10.6
0045,2025-01-25,19,10.434818181818182,14.725
0045,2025-01-25,21,13.666814814814815,14.725
0045,2025-01-25,25,12.149975,14.725
0045,2025-01-28,19,8.7714,6.2625
0045,2025-01-28,21,4.8455625,6.2625
0045,2025-01-28,25,4.729916666666666,6.2625
0045,2025-01-31,21,5.274611111111111,7.945833333333333
0045,2025-01-31,25,14.925333333333333,7.945833333333333
0045,2025-02-03,21,13.930846153846154,14.745833333333334
0045,2025-02-03,25,68.36316666666667,14.745833333333334
0045,2025-02-06,21,5.8965,9.195833333333333
0045,2025-02-06,25,17.115266666666667,9.195833333333333
0045,2025-02-09,19,14.5,9.608333333333334
0045,2025-02-09,21,10.265157894736841,9.608333333333334
0045,2025-02-09,25,14.951611111111111,9.608333333333334
0045,2025-02-12,19,19.0993,14.308333333333334
0045,2025-02-12,21,22.472324324324322,14.308333333333334
0045,2025-02-12,25,16.075833333333332,14.308333333333334
0045,2025-02-15,19,9.841857142857142,9.029166666666667
0045,2025-02-15,21,10.156038461538461,9.029166666666667
0045,2025-02-15,25,12.689777777777778,9.029166666666667
0045,2025-02-18,19,3.7535,5.616666666666666
0045,2025-02-18,21,2.8363673469387756,5.616666666666666
0045,2025-02-18,25,4.28505,5.616666666666666
0045,2025-02-21,19,2.9465000000000003,5.9750000000000005
0045,2025-02-21,21,3.0004,5.9750000000000005
0045,2025-02-21,25,3.8455263157894737,5.9750000000000005
0045,2025-02-24,21,13.415480769230768,10.633333333333335
0045,2025-02-24,25,11.723852941176471,10.633333333333335
0045,2025-02-27,21,22.08290909090909,12.983333333333333
0045,2025-03-02,19,3.0809166666666665,4.466666666666667
0045,2025-03-02,21,3.40158,4.466666666666667
0045,2025-03-03,19,8.186222222222222,7.995833333333334
0045,2025-03-03,21,7.569179487179487,7.995833333333334
0045,2025-03-05,21,3.2299444444444445,4.916666666666666
0045,2025-03-08,19,1.2253333333333334,5.391666666666667
0045,2025-03-08,21,4.2664375,5.391666666666667
0045,2025-03-11,21,5.945875,6.570833333333334
0045,2025-03-14,21,9.126431818181818,13.654166666666667
0045,2025-03-17,21,3.1046585365853656,4.6875
0045,2025-03-20,19,2.126,5.904166666666667
0045,2025-03-20,21,3.8906666666666667,5.904166666666667
0045,2025-03-23,19,4.615111111111111,5.041666666666667
0045,2025-03-23,21,4.612705882352941,5.041666666666667
0045,2025-03-26,19,3.5075000000000003,4.808333333333334
0045,2025-03-26,21,3.7258947368421054,4.808333333333334
0045,2025-03-29,19,10.215,15.633333333333333
0045,2025-03-29,21,11.267222222222221,15.633333333333333
0045,2025-04-01,19,5.897142857142858,3.6041666666666665
0045,2025-04-01,21,3.563041666666667,3.6041666666666665
0045,2025-04-04,19,2.088,3.379166666666667
0045,2025-04-04,21,2.351282608695652,3.379166666666667
0045,2025-04-05,21,2.7804761904761905,4.366666666666667
0045,2025-04-05,25,10.4558,4.366666666666667
0045,2025-04-07,19,7.958,5.279166666666667
0045,2025-04-07,21,5.389,5.279166666666667
0045,2025-04-07,25,9.005866666666666,5.279166666666667
0045,2025-04-10,19,22.83325,8.091666666666667
0045,2025-04-10,21,9.2913,8.091666666666667
0045,2025-04-10,25,28.906761904761904,8.091666666666667
0045,2025-04-11,19,12.225857142857143,8.025
0045,2025-04-11,21,16.44446153846154,8.025
0045,2025-04-11,25,22.60068181818182,8.025
0045,2025-04-13,19,8.877444444444444,NA
0045,2025-04-13,21,7.496529411764706,NA
0045,2025-04-13,25,5.384761904761905,NA
0045,2025-04-16,19,3.5267,6.116666666666666
0045,2025-04-16,21,3.4268888888888887,6.116666666666666
0045,2025-04-16,25,4.835916666666667,6.116666666666666
0045,2025-04-19,21,11.048931818181819,10.1875
0045,2025-04-19,25,8.573451612903225,10.1875
0045,2025-04-22,19,1.13,5.079166666666667
0045,2025-04-22,21,3.082767441860465,5.079166666666667
0045,2025-04-22,25,4.143565217391305,5.079166666666667
0045,2025-04-25,19,5.72375,5.916666666666667
0045,2025-04-25,21,5.44254,5.916666666666667
0045,2025-04-25,25,8.483055555555556,5.916666666666667
0045,2025-04-26,19,2.0625,4.566666666666666
0045,2025-04-26,21,5.6902608695652175,4.566666666666666
0045,2025-04-26,25,10.284541666666666,4.566666666666666
0045,2025-04-28,19,3.3058,5.025
0045,2025-04-28,21,3.51558,5.025
0045,2025-04-28,25,9.779441176470588,5.025
0045,2025-04-30,19,1.8456,2.416666666666667
0045,2025-04-30,21,2.5685471698113207,2.416666666666667
0045,2025-04-30,25,3.9802,2.416666666666667
0045,2025-05-01,19,8.964500000000001,6.308333333333334
0045,2025-05-01,21,4.618586956521739,6.308333333333334
0045,2025-05-01,25,6.557230769230769,6.308333333333334
0060,2024-11-02,13,3.4165869565217393,4.45
0060,2024-11-02,6,464.6434,4.45
0060,2024-11-05,13,3.7606315789473683,7.3875
0060,2024-11-05,6,166.13284210526314,7.3875
0060,2024-11-08,13,10.946125,7.116666666666666
0060,2024-11-08,27,5.320333333333333,7.116666666666666
0060,2024-11-11,13,8.894444444444444,3.6083333333333334
0060,2024-11-11,27,5.429766666666667,3.6083333333333334
0060,2024-11-14,13,9.532935483870968,5.4
0060,2024-11-14,27,4.123942857142857,5.4
0060,2024-11-14,9,6.06934693877551,5.4
0060,2024-11-17,13,13.892890909090909,9.75
0060,2024-11-17,27,10.977642857142857,9.75
0060,2024-11-17,9,9.012083333333333,9.75
0060,2024-11-20,12,5.393857142857143,6.479166666666667
0060,2024-11-20,13,10.7142,6.479166666666667
0060,2024-11-20,27,10.603114285714286,6.479166666666667
0060,2024-11-20,9,8.072857142857142,6.479166666666667
0060,2024-11-23,12,1.7512448979591837,1.825
0060,2024-11-23,27,1.9533571428571428,1.825
0060,2024-11-23,9,1.5213170731707317,1.825
0060,2024-11-26,12,6.941055555555556,5.545833333333333
0060,2024-11-26,13,8.671137931034483,5.545833333333333
0060,2024-11-26,27,23.275833333333335,5.545833333333333
0060,2024-11-26,9,7.67506,5.545833333333333
0060,2024-11-28,12,9.648344827586207,5.3
0060,2024-11-28,13,8.03704347826087,5.3
0060,2024-11-28,27,10.458729729729729,5.3
0060,2024-11-28,9,9.926326530612245,5.3
0060,2024-11-29,12,9.080222222222222,7.095833333333333
0060,2024-11-29,13,9.3436,7.095833333333333
0060,2024-11-29,27,7.521642857142857,7.095833333333333
0060,2024-11-29,9,6.651122448979592,7.095833333333333
0060,2024-12-02,12,12.891733333333333,8.491666666666667
0060,2024-12-02,13,13.78545652173913,8.491666666666667
0060,2024-12-02,27,9.928315789473684,8.491666666666667
0060,2024-12-02,9,7.074367346938776,8.491666666666667
0060,2024-12-04,12,13.519048780487804,12.729166666666666
0060,2024-12-04,13,13.698354838709678,12.729166666666666
0060,2024-12-04,27,13.96,12.729166666666666
0060,2024-12-04,9,9.981440000000001,12.729166666666666
0060,2024-12-05,13,8.169071428571428,3.15
0060,2024-12-05,27,5.841555555555555,3.15
0060,2024-12-05,9,4.561468085106383,3.15
0060,2024-12-06,12,3.252642857142857,4.275
0060,2024-12-06,13,6.349714285714286,4.275
0060,2024-12-06,27,3.0708205128205126,4.275
0060,2024-12-06,9,3.092734693877551,4.275
0060,2024-12-07,12,4.52512962962963,7
0060,2024-12-07,13,7.05865,7
0060,2024-12-07,27,4.641947368421053,7
0060,2024-12-07,9,3.0543,7
0060,2024-12-08,12,6.181193548387097,8.358333333333333
0060,2024-12-08,13,7.689,8.358333333333333
0060,2024-12-08,27,6.559128205128205,8.358333333333333
0060,2024-12-08,9,4.460285714285714,8.358333333333333
0060,2024-12-11,12,14.913681818181818,8.558333333333334
0060,2024-12-11,13,20.54520512820513,8.558333333333334
0060,2024-12-11,27,16.87518181818182,8.558333333333334
0060,2024-12-11,9,29.629535714285716,8.558333333333334
0060,2024-12-14,12,9.348468085106383,11.104166666666666
0060,2024-12-14,13,8.460704545454545,11.104166666666666
0060,2024-12-14,27,6.9346578947368425,11.104166666666666
0060,2024-12-14,9,5.490428571428572,11.104166666666666
0060,2024-12-17,12,12.356365384615385,10.031818181818181
0060,2024-12-17,13,13.4178,10.031818181818181
0060,2024-12-17,27,12.025470588235294,10.031818181818181
0060,2024-12-17,9,8.5396,10.031818181818181
0060,2024-12-20,12,17.657967741935483,9.674999999999999
0060,2024-12-20,13,21.405315789473683,9.674999999999999
0060,2024-12-20,27,15.849153846153847,9.674999999999999
0060,2024-12-20,9,13.17142857142857,9.674999999999999
0060,2024-12-23,12,7.542594594594595,9.5875
0060,2024-12-23,13,7.43075,9.5875
0060,2024-12-23,27,6.642628571428571,9.5875
0060,2024-12-23,9,4.90286,9.5875
0060,2024-12-26,12,15.091764705882353,10.429166666666667
0060,2024-12-26,13,15.609461538461538,10.429166666666667
0060,2024-12-26,27,13.135,10.429166666666667
0060,2024-12-26,9,10.34265306122449,10.429166666666667
0060,2024-12-28,12,7.015360000000001,5.645833333333333
0060,2024-12-28,13,7.638,5.645833333333333
0060,2024-12-28,27,6.305555555555555,5.645833333333333
0060,2024-12-28,9,4.574122448979592,5.645833333333333
0060,2024-12-29,12,13.584613636363637,5.166666666666666
0060,2024-12-29,13,15.277285714285714,5.166666666666666
0060,2024-12-29,27,12.414684210526316,5.166666666666666
0060,2024-12-29,9,8.550071428571428,5.166666666666666
0060,2025-01-01,12,4.9358125,3.6958333333333337
0060,2025-01-01,13,10.936588235294117,3.6958333333333337
0060,2025-01-01,27,16.422666666666665,3.6958333333333337
0060,2025-01-01,9,6.497,3.6958333333333337
0060,2025-01-04,12,2.2274375,3.3583333333333334
0060,2025-01-04,13,3.4403243243243242,3.3583333333333334
0060,2025-01-04,27,2.5109777777777778,3.3583333333333334
0060,2025-01-04,9,1.7932,3.3583333333333334
0060,2025-01-05,12,8.572243902439025,9.195833333333333
0060,2025-01-05,13,11.329584905660377,9.195833333333333
0060,2025-01-05,27,6.747702127659575,9.195833333333333
0060,2025-01-05,9,5.337204081632653,9.195833333333333
0060,2025-01-07,12,2.06915,3.254166666666667
0060,2025-01-07,13,2.9103061224489792,3.254166666666667
0060,2025-01-07,27,2.2649090909090908,3.254166666666667
0060,2025-01-07,9,2.16621568627451,3.254166666666667
0060,2025-01-10,12,22.28432,21.704166666666666
0060,2025-01-10,13,14.909685185185184,21.704166666666666
0060,2025-01-10,27,15.72776923076923,21.704166666666666
0060,2025-01-10,9,9.688551020408164,21.704166666666666
0060,2025-01-13,12,7.794607843137255,5.716666666666667
0060,2025-01-13,13,8.200254545454545,5.716666666666667
0060,2025-01-13,27,7.799727272727273,5.716666666666667
0060,2025-01-13,9,5.386163265306123,5.716666666666667
0060,2025-01-16,12,17.867836734693878,17.570833333333333
0060,2025-01-16,13,21.08329090909091,17.570833333333333
0060,2025-01-16,27,15.813962962962963,17.570833333333333
0060,2025-01-16,9,13.212979591836735,17.570833333333333
0060,2025-01-19,12,2.7298,3.0875
0060,2025-01-19,13,3.2468301886792452,3.0875
0060,2025-01-19,27,3.014411764705882,3.0875
0060,2025-01-19,9,2.6196382978723403,3.0875
0060,2025-01-22,12,3.2825185185185184,11.541666666666666
0060,2025-01-22,13,4.130843137254901,11.541666666666666
0060,2025-01-22,27,3.963409090909091,11.541666666666666
0060,2025-01-22,9,2.1037142857142856,11.541666666666666
0060,2025-01-23,12,7.733666666666666,10.075
0060,2025-01-23,13,10.04445945945946,10.075
0060,2025-01-23,27,9.825358974358974,10.075
0060,2025-01-23,9,5.416891304347826,10.075
0060,2025-01-25,12,14.446166666666667,15.7
0060,2025-01-25,13,12.439117647058824,15.7
0060,2025-01-25,27,11.722,15.7
0060,2025-01-25,9,7.9790624999999995,15.7
0060,2025-01-28,12,5.234690476190476,6.2125
0060,2025-01-28,13,7.109358490566038,6.2125
0060,2025-01-28,27,4.9111627906976745,6.2125
0060,2025-01-28,9,3.5305102040816325,6.2125
0060,2025-01-31,12,3.9313125,9.195833333333333
0060,2025-01-31,13,4.522352941176471,9.195833333333333
0060,2025-01-31,27,5.6325,9.195833333333333
0060,2025-01-31,9,11.755877551020408,9.195833333333333
0060,2025-02-03,12,32.10559183673469,16.475
0060,2025-02-03,13,14.910578947368421,16.475
0060,2025-02-03,27,51.7036875,16.475
0060,2025-02-03,9,37.19054,16.475
0060,2025-02-06,12,16.992,8.875
0060,2025-02-06,27,15.15536111111111,8.875
0060,2025-02-06,9,5.728729166666666,8.875
0060,2025-02-09,12,13.171035714285715,7.866666666666666
0060,2025-02-09,27,15.787666666666667,7.866666666666666
0060,2025-02-12,12,26.995039215686273,17.041666666666668
0060,2025-02-12,27,20.30821052631579,17.041666666666668
0060,2025-02-15,12,17.46757142857143,11.404166666666667
0060,2025-02-15,13,14.477333333333334,11.404166666666667
0060,2025-02-15,27,12.30414814814815,11.404166666666667
0060,2025-02-18,12,3.3294,4.504166666666666
0060,2025-02-18,13,3.8099818181818184,4.504166666666666
0060,2025-02-18,27,3.004840909090909,4.504166666666666
0060,2025-02-21,12,3.4101842105263156,5.4625
0060,2025-02-21,13,4.1698,5.4625
0060,2025-02-21,27,2.290057142857143,5.4625
0060,2025-02-24,12,13.279645833333333,11.7875
0060,2025-02-24,13,12.06452,11.7875
0060,2025-02-24,27,12.759358974358975,11.7875
0060,2025-02-27,12,36.656733333333335,13.3125
0060,2025-02-27,13,33.37327777777778,13.3125
0060,2025-02-27,27,44.663599999999995,13.3125
0060,2025-03-02,12,3.026918918918919,4.020833333333333
0060,2025-03-02,13,3.1294814814814815,4.020833333333333
0060,2025-03-02,17,3.0363333333333333,4.020833333333333
0060,2025-03-03,12,6.612615384615385,8.2875
0060,2025-03-03,13,7.226188679245283,8.2875
0060,2025-03-03,17,6.7218333333333335,8.2875
0060,2025-03-05,12,4.883234042553191,5.225
0060,2025-03-05,13,5.263880952380952,5.225
0060,2025-03-05,17,4.422977272727273,5.225
0060,2025-03-08,12,11.112117647058826,4.170833333333333
0060,2025-03-08,13,10.924555555555555,4.170833333333333
0060,2025-03-08,17,18.467185185185187,4.170833333333333
0060,2025-03-11,12,6.00345652173913,5.970833333333333
0060,2025-03-11,13,5.263039215686274,5.970833333333333
0060,2025-03-14,12,12.632807692307692,17.6
0060,2025-03-14,13,12.120326530612244,17.6
0060,2025-03-14,17,12.291,17.6
0060,2025-03-17,12,3.200090909090909,3.875
0060,2025-03-17,17,3.6125555555555557,3.875
0060,2025-03-20,12,3.562653846153846,5.208333333333334
0060,2025-03-20,17,4.2563571428571425,5.208333333333334
0060,2025-03-23,12,6.00736,5.55
0060,2025-03-23,17,5.731489361702128,5.55
0060,2025-03-26,12,3.3352619047619045,4.420833333333333
0060,2025-03-26,17,3.3915416666666665,4.420833333333333
0060,2025-03-29,12,10.205511627906978,14.304166666666667
0060,2025-04-01,12,3.750181818181818,3.6083333333333334
0060,2025-04-01,13,3.9180740740740743,3.6083333333333334
0060,2025-04-01,27,2.161,3.6083333333333334
0060,2025-04-04,12,3.3004571428571428,3.8375
0060,2025-04-04,13,3.465698113207547,3.8375
0060,2025-04-04,27,2.547266666666667,3.8375
0060,2025-04-05,12,6.715815789473684,5.345833333333333
0060,2025-04-05,13,5.80025,5.345833333333333
0060,2025-04-05,27,2.401,5.345833333333333
0060,2025-04-07,12,7.735645833333334,5.295833333333333
0060,2025-04-07,13,5.661148148148148,5.295833333333333
0060,2025-04-07,27,6.13605,5.295833333333333
0060,2025-04-10,12,21.178431372549017,8.170833333333333
0060,2025-04-10,13,21.561404255319147,8.170833333333333
0060,2025-04-10,27,24.514,8.170833333333333
0060,2025-04-11,12,13.428652173913044,7.508333333333333
0060,2025-04-11,13,14.762962264150943,7.508333333333333
0060,2025-04-11,27,13.354115384615385,7.508333333333333
0060,2025-04-13,12,9.803734693877551,8.629166666666666
0060,2025-04-13,13,8.474113636363636,8.629166666666666
0060,2025-04-13,27,8.657861111111112,8.629166666666666
0060,2025-04-16,12,2.83121568627451,4.645833333333334
0060,2025-04-16,13,3.155622641509434,4.645833333333334
0060,2025-04-16,27,1.9444,4.645833333333334
0060,2025-04-19,12,10.533625,8.627272727272727
0060,2025-04-19,13,13.34753488372093,8.627272727272727
0060,2025-04-19,27,10.315,8.627272727272727
0060,2025-04-22,12,2.0618367346938777,4.379166666666666
0060,2025-04-22,13,2.679125,4.379166666666666
0060,2025-04-22,27,4.0573749999999995,4.379166666666666
0060,2025-04-25,12,6.598518518518518,8.025
0060,2025-04-25,13,6.396238095238095,8.025
0060,2025-04-25,27,5.16125,8.025
0060,2025-04-26,12,6.008444444444444,3.9208333333333334
0060,2025-04-26,13,34.841893617021285,3.9208333333333334
0060,2025-04-28,12,5.111918367346939,8.058333333333334
0060,2025-04-28,13,4.8535,8.058333333333334
0060,2025-04-28,27,2.2652222222222225,8.058333333333334
0060,2025-04-30,12,2.0162553191489363,2.3043478260869565
0060,2025-04-30,13,2.4749117647058823,2.3043478260869565
0060,2025-04-30,27,1.8053548387096774,2.3043478260869565
0060,2025-05-01,12,5.050975609756097,7.941666666666666
0060,2025-05-01,13,4.7985,7.941666666666666
0060,2025-05-01,27,5.422342105263158,7.941666666666666
0065,2024-11-02,8,3.749705882352941,5.541666666666667
0065,2024-11-05,8,4.8055625,10.229166666666666
0065,2024-11-08,8,8.069714285714285,7.075
0065,2024-11-11,1,5.32,3.4875
0065,2024-11-11,8,6.662,3.4875
0065,2024-11-14,1,5.409625,4.3375
0065,2024-11-14,8,3.263818181818182,4.3375
0065,2024-11-17,1,10.939166666666667,11.104166666666666
0065,2024-11-17,8,10.088000000000001,11.104166666666666
0065,2024-11-20,1,10.274750000000001,5.8875
0065,2024-11-20,8,11.36040909090909,5.8875
0065,2024-11-23,1,4.6734,2.775
0065,2024-11-23,8,3.9140212765957445,2.775
0065,2024-11-26,1,10.757684210526316,5.891666666666667
0065,2024-11-26,8,11.69170588235294,5.891666666666667
0065,2024-11-28,1,17.05430769230769,6.170833333333333
0065,2024-11-28,8,14.850114285714286,6.170833333333333
0065,2024-11-29,1,8.768190476190476,6.9625
0065,2024-11-29,8,7.926688888888889,6.9625
0065,2024-12-02,1,11.7594,8.370833333333334
0065,2024-12-02,8,9.781224489795918,8.370833333333334
0065,2024-12-04,1,14.674833333333334,13.0375
0065,2024-12-04,8,13.336195652173913,13.0375
0065,2024-12-05,1,3.9194999999999998,4.275
0065,2024-12-05,8,6.276895833333334,4.275
0065,2024-12-06,1,6.057,4.4375
0065,2024-12-06,8,4.707347826086957,4.4375
0065,2024-12-07,1,1.672,7.558333333333333
0065,2024-12-07,8,4.469148936170213,7.558333333333333
0065,2024-12-08,1,21.129666666666665,8.008333333333333
0065,2024-12-08,8,6.197711111111111,8.008333333333333
0065,2024-12-11,1,29.1025,9.916666666666666
0065,2024-12-11,8,17.733758620689656,9.916666666666666
0065,2024-12-14,1,9.46825,10.7375
0065,2024-12-14,8,9.781978260869565,10.7375
0065,2024-12-17,1,11.22109090909091,9.783333333333333
0065,2024-12-17,8,10.880642857142856,9.783333333333333
0065,2024-12-20,1,20.214380952380953,9.766666666666666
0065,2024-12-20,8,17.569190476190474,9.766666666666666
0065,2024-12-23,1,7.4089285714285715,11.35
0065,2024-12-23,8,6.246044444444444,11.35
0065,2024-12-26,1,16.073642857142858,9.029166666666667
0065,2024-12-26,8,14.920370370370371,9.029166666666667
0065,2024-12-28,1,6.677999999999999,5.116666666666666
0065,2024-12-28,8,7.9615,5.116666666666666
0065,2024-12-29,1,10.1175,4.125
0065,2024-12-29,8,7.490055555555556,4.125
0065,2025-01-01,1,10.39725,3.6875
0065,2025-01-01,8,7.212888888888889,3.6875
0065,2025-01-04,1,2.9533846153846155,3.6166666666666667
0065,2025-01-04,8,2.6674375,3.6166666666666667
0065,2025-01-05,1,7.29245,8.808333333333334
0065,2025-01-05,8,6.424529411764706,8.808333333333334
0065,2025-01-07,1,2.132142857142857,3.0708333333333333
0065,2025-01-07,8,3.044777777777778,3.0708333333333333
0065,2025-01-10,1,15.386,22.295833333333334
0065,2025-01-10,8,15.7085625,22.295833333333334
0065,2025-01-13,8,5.637166666666666,5.845833333333333
0065,2025-01-16,1,17.558833333333332,19.145833333333332
0065,2025-01-16,8,15.855454545454545,19.145833333333332
0065,2025-01-19,1,2.7081666666666666,3.7
0065,2025-01-19,8,3.17375,3.7
0065,2025-01-22,1,3.8084285714285713,14.245833333333334
0065,2025-01-22,8,2.137423076923077,14.245833333333334
0065,2025-01-23,1,6.661846153846154,13.3125
0065,2025-01-23,8,7.017571428571429,13.3125
0065,2025-01-25,1,13.424166666666666,17.291666666666668
0065,2025-01-25,8,10.8336,17.291666666666668
0065,2025-01-28,8,3.4461666666666666,6.1375
0065,2025-01-31,8,14.043444444444445,10.825
0065,2025-02-03,8,45.81742105263158,18.191666666666666
0065,2025-02-06,1,7.0405,9.1875
0065,2025-02-06,8,11.656444444444444,9.1875
0065,2025-02-09,1,30.522,8.125
0065,2025-02-09,8,16.163999999999998,8.125
0065,2025-02-12,1,21.046444444444443,15.591666666666667
0065,2025-02-12,8,21.343363636363637,15.591666666666667
0065,2025-02-15,1,12.729166666666666,13.15
0065,2025-02-15,8,20.9925,13.15
0065,2025-02-18,1,4.3383125,5.8875
0065,2025-02-18,8,3.9823684210526316,5.8875
0065,2025-02-21,1,2.7096666666666667,5.883333333333334
0065,2025-02-21,8,3.2931666666666666,5.883333333333334
0065,2025-02-24,1,15.413,13.504166666666666
0065,2025-02-24,8,11.261333333333333,13.504166666666666
0065,2025-02-27,8,41.103884615384615,14.954166666666667
0065,2025-03-02,1,3.6715,4.941666666666666
0065,2025-03-02,8,4.372486486486486,4.941666666666666
0065,2025-03-03,1,7.253,10.7125
0065,2025-03-03,8,5.162733333333334,10.7125
0065,2025-03-05,8,4.016125,6.845833333333333
0065,2025-03-08,1,12.69909090909091,5.35
0065,2025-03-08,8,15.356111111111112,5.35
0065,2025-03-11,8,6.964333333333333,7.8954545454545455
0065,2025-03-14,8,9.638714285714286,18.654166666666665
0065,2025-03-17,8,4.95675,4.7625
0065,2025-03-20,8,4.611083333333333,6.454166666666667
0065,2025-03-23,8,6.326882352941176,7.6
0065,2025-03-26,8,4.371410256410257,5.820833333333333
0065,2025-03-29,8,8.90238888888889,15.229166666666666
0065,2025-04-01,8,5.399166666666666,4.0875
0065,2025-04-04,8,2.2292941176470586,3.8583333333333334
0065,2025-04-05,8,7.067555555555556,6.629166666666666
0065,2025-04-07,8,7.622535714285714,5.808333333333334
0065,2025-04-10,8,21.811111111111114,8.895652173913044
0065,2025-04-11,8,16.098655172413793,8.5625
0065,2025-04-13,8,8.783333333333333,9
0065,2025-04-16,8,3.6504,5.458333333333333
0065,2025-04-19,8,8.03752380952381,9.15
0065,2025-04-22,8,2.8224375,5.354166666666666
0065,2025-04-25,8,7.4798846153846155,8.1375
0065,2025-04-26,8,3.710846153846154,4.666666666666667
0065,2025-04-28,8,3.4970833333333333,9.870833333333334
0065,2025-04-30,8,1.7321666666666669,3.525
0065,2025-05-01,8,6.010294117647058,7.266666666666667
0073,2024-11-08,23,10.417566037735849,6.3875
0073,2024-11-11,23,6.913288461538461,3.2416666666666667
0073,2024-11-14,23,6.008377358490566,3.1083333333333334
0073,2024-11-17,23,10.76323076923077,7.6000000000000005
0073,2024-11-20,23,14.244245283018868,4.4625
0073,2024-11-23,23,4.5993272727272725,1.9833333333333334
0073,2024-11-26,23,12.367089285714286,5.520833333333333
0073,2024-11-28,23,15.577444444444444,5.791666666666667
0073,2024-11-29,23,8.657301886792453,6.804166666666667
0073,2024-12-02,23,12.164327272727272,8.9625
0073,2024-12-04,23,13.704773584905661,11.4
0073,2024-12-05,23,7.323320754716981,4.141666666666667
0073,2024-12-06,23,11.231946428571426,5.2875
0073,2024-12-07,23,4.1675892857142856,6.575
0073,2024-12-08,23,6.603641509433962,7.445833333333334
0073,2024-12-11,23,27.532742857142853,9.5375
0073,2024-12-14,23,8.808218181818182,9.041666666666666
0073,2024-12-17,23,14.646545454545453,8.3125
0073,2024-12-20,23,17.85586,9.195833333333333
0073,2024-12-23,23,6.600218181818182,6.7875
0073,2024-12-26,23,13.216178571428571,7.708333333333333
0073,2024-12-28,23,6.57872,4.9375
0073,2024-12-29,23,7.936108695652174,3.158333333333333
0073,2025-01-01,23,9.656740000000001,4.1125
0073,2025-01-04,23,3.607660714285714,4.25
0073,2025-01-05,23,6.76277358490566,9.295833333333333
0073,2025-01-07,23,6.0225535714285705,4.975
0073,2025-01-10,23,13.327814814814817,16.666666666666668
0073,2025-01-13,23,7.508425925925926,7.0249999999999995
0073,2025-01-16,23,18.82133333333333,14.9375
0073,2025-01-19,23,3.6908,3.466666666666667
0073,2025-01-22,23,2.5709999999999997,8.393333333333333
0073,2025-01-23,23,8.128823529411765,10.8375
0073,2025-01-25,23,11.574301886792453,14.5375
0073,2025-01-28,23,4.869833333333333,5.6875
0073,2025-01-31,23,16.556173076923077,6.745833333333334
0073,2025-02-03,23,43.160901960784315,13.6625
0073,2025-02-06,23,17.07432558139535,7.775
0073,2025-02-09,23,23.211296296296297,8.433333333333334
0073,2025-02-12,23,22.188489795918365,11.433333333333334
0073,2025-02-15,23,14.172061224489797,8.6375
0073,2025-02-18,23,4.2355769230769225,6.775
0073,2025-02-21,23,4.867446428571428,7.233333333333333
0073,2025-02-24,23,10.88796,9.6875
0073,2025-02-27,23,46.080708333333334,13.095833333333333
0073,2025-03-02,23,4.908814814814815,5.295833333333333
0073,2025-03-03,23,7.1637407407407405,7.4625
0073,2025-03-05,23,4.893739130434782,4.6625
0073,2025-03-08,23,8.994533333333331,4.904166666666667
0073,2025-03-11,23,6.334411764705882,5.7125
0073,2025-03-14,23,7.231942307692307,9.804166666666667
0073,2025-03-17,23,4.599980392156863,4.004166666666666
0073,2025-03-20,23,4.817925,5.095833333333333
0073,2025-03-23,23,5.184,4.4
0073,2025-03-26,23,6.726230769230769,3.875
0073,2025-03-29,23,10.324897959183673,13.033333333333333
0073,2025-04-01,23,4.3266226415094335,3.433333333333333
0073,2025-04-04,23,2.2413928571428574,2.495833333333333
0073,2025-04-05,23,7.424317073170731,4.2125
0073,2025-04-07,23,8.562909090909091,5.1375
0073,2025-04-10,23,22.92963414634146,7.745833333333334
0073,2025-04-11,23,18.755755102040816,7.604347826086957
0073,2025-04-13,23,7.241535714285714,4.954166666666667
0073,2025-04-16,23,7.750425925925926,4.041666666666667
0073,2025-04-19,23,10.455150943396227,8.762500000000001
0073,2025-04-22,23,8.817187500000001,2.7083333333333335
0073,2025-04-25,23,6.73325,5.291666666666667
0073,2025-04-26,23,18.433055555555555,4.325
0073,2025-04-28,23,3.024862745098039,3.35
0073,2025-04-30,23,7.817240740740742,2.2416666666666667
0073,2025-05-01,23,4.427433962264151,5.2125
